<?xml version="1.0" encoding="UTF-8"?>
<feature id="ntut.csie.robusta_1.1.0" label="Robustaclipse" plugin="ntut.csie.robusta_1.1.0" provider-name="NTUT CSIE, Taipei Tech, Software Systems Lab." version="1.1.0">
  <description>Release for free.</description>
  <copyright>Copyright 2000-2012, 版權所有</copyright>
  <license url="http://www.gnu.org/licenses/gpl.txt" />
  <url>
    <update label="updates" url="這裡填你最後發布的update地址" />
  </url>
  <requires>
    <import plugin="org.eclipse.ui.views" />
    <import plugin="org.eclipse.jface.text" />
    <import plugin="org.eclipse.ui.workbench.texteditor" />
    <import plugin="org.eclipse.ui.editors" />
    <import plugin="org.eclipse.core.runtime" />
    <import plugin="org.eclipse.ui.ide" />
    <import plugin="org.eclipse.ui" />
    <import plugin="org.eclipse.compare" />
    <import plugin="org.eclipse.jdt.ui" />
    <import plugin="org.eclipse.jdt.core" />
    <import plugin="org.eclipse.ui.console" />
    <import plugin="org.eclipse.debug.ui" />
  </requires>
  <plugin download-size="0" id="ntut.csie.robusta_1.1.0" install-size="0" version="1.1.0" />
</feature>
